Name,Movie Detail URL,Download Link
Razakar 2024 Hindi Dual Audio WEB-DL 1080p - 720p - 480p,https://vegamovies.tl/38487-razakar-2024-hindi-dual-audio-web-dl-1080p-720p-480p.html,https://vgmlinks.lol/67aa3f69d79f0
Night of 7 Years 2018 Hindi Dual Audio WEB-DL 1080p - 720p - 480p,https://vegamovies.tl/38484-night-of-7-years-2018-hindi-dual-audio-web-dl-1080p-720p-480p.html,https://vgmlinks.lol/67aa3b66e88e2
Panjab Files 2024 Punjabi WEB-DL 1080p - 720p - 480p,https://vegamovies.tl/38481-panjab-files-2024-punjabi-dubbed-web-dl-1080p-720p-480p.html,https://vgmlinks.lol/67aa384a8d3cc
Identity 2025 Hindi Dual Audio WEB-DL 1080p - 720p - 480p,https://vegamovies.tl/38478-identity-2025-hindi-dual-audio-web-dl-1080p-720p-480p.html,https://vgmlinks.lol/67aa2f8fb296b
Babu 2024 Marathi Dubbed WEB-DL 1080p - 720p - 480p,https://vegamovies.tl/38475-babu-2024-marathi-dubbed-web-dl-1080p-720p-480p.html,https://vgmlinks.lol/67aa249e06dd8
VidaaMuyarchi (2025) Hindi CAMRip 1080p - 720p - 480p,https://vegamovies.tl/38472-vidaamuyarchi-2025-hindi-camrip-1080p-720p-480p.html,https://vgmlinks.lol/67a862c3a4226
Loveyapa (2025) Hindi PRE-HD 1080p - 720p - 480p,https://vegamovies.tl/38469-loveyapa-2025-hindi-prehd-1080p-720p-480p.html,https://vgmlinks.lol/67a85c81c21e5
Thandel (2025) Hindi PRE-HD 1080p - 720p - 480p,https://vegamovies.tl/38466-thandel-2025-hindi-prehd-1080p-720p-480p.html,https://vgmlinks.lol/67a85442c1843
Anora 2024 Hindi Dual Audio WEB-DL 1080p - 720p - 480p,https://vegamovies.tl/38460-anora-2024-hindi-dual-audio-web-dl-1080p-720p-480p.html,https://vgmlinks.lol/67a5f60202a5e
Kinda Pregnant 2025 Hindi Dual Audio WEB-DL 1080p - 720p - 480p,https://vegamovies.tl/38457-kinda-pregnant-2025-hindi-dual-audio-web-dl-1080p-720p-480p.html,https://vgmlinks.lol/67a5e20c5307d
The Order 2024 Hindi Dual Audio WEB-DL 1080p - 720p - 480p,https://vegamovies.tl/38454-the-order-2024-hindi-dual-audio-web-dl-1080p-720p-480p.html,https://vgmlinks.lol/67a5d4a76cbf9
The Goldsmith 2022 Hindi Dual Audio WEB-DL 1080p - 720p - 480p,https://vegamovies.tl/38451-the-goldsmith-2022-hindi-dual-audio-web-dl-1080p-720p-480p.html,https://vgmlinks.lol/67a5c42c47b00
The Fortress 2018 Hindi Dual Audio WEB-DL 1080p - 720p - 480p,https://vegamovies.tl/38448-the-fortress-2018-hindi-dual-audio-web-dl-1080p-720p-480p.html,https://vgmlinks.lol/67a45294cbd5c
Door Lock 2018 Hindi Dual Audio WEB-DL 1080p - 720p - 480p,https://vegamovies.tl/38445-door-lock-2018-hindi-dual-audio-web-dl-1080p-720p-480p.html,https://vgmlinks.lol/67a44f96cd0aa
Deva (2025) Hindi (LiNE) HDTC 720p – 480p – 1080p,https://vegamovies.tl/38442-deva-2025-hindi-line-hdtc-720p-480p-1080p.html,https://vgmlinks.lol/67a2971e92dfd
A Love Inspired Bestseller 2016 Hindi Dual Audio WEB-DL 720p - 480p,https://vegamovies.tl/38436-a-love-inspired-bestseller-2016-hindi-dual-audio-web-dl-720p-480p.html,https://vgmlinks.lol/67a19f2e5aa45
The Legend of Maula Jatt 2022 Punjabi WEB-DL 1080p - 720p - 480p,https://vegamovies.tl/38433-the-legend-of-maula-jatt-2022-punjabi-audio-web-dl-1080p-720p-480p.html,https://vgmlinks.lol/67a19d95acc6d
Signs 2002 Hindi Dual Audio WEB-DL 1080p - 720p - 480p,https://vegamovies.tl/38430-signs-2002-hindi-dual-audio-web-dl-1080p-720p-480p.html,https://vgmlinks.lol/67a1983c83d1e
Slaughterhouse Rulez 2018 Hindi Dual Audio WEB-DL 1080p - 720p - 480p,https://vegamovies.tl/38427-slaughterhouse-rulez-2018-hindi-dual-audio-web-dl-1080p-720p-480p.html,https://vgmlinks.lol/67a1952bbf88a
Bogota: City of the Lost 2025 Hindi Dual Audio WEB-DL 1080p - 720p - 480p,https://vegamovies.tl/38424-bogota-city-of-the-lost-2025-hindi-dual-audio-web-dl-1080p-720p-480p.html,https://vgmlinks.lol/67a190db03d01
Azaad (2025) Hindi (ORG-DD2.0) WEBRip 1080p - 720p - 480p,https://vegamovies.tl/38292-azaad-2025-hindi-orgdd20-prehd-1080p-720p-480p.html,https://vgmlinks.lol/67a2ac924b26e
Ratnan Prapancha 2021 Hindi Dual Audio WEB-DL 1080p - 720p - 480p,https://vegamovies.tl/38421-ratnan-prapancha-2021-hindi-dual-audio-web-dl-1080p-720p-480p.html,https://vgmlinks.lol/679cd4c9aab13
You’re Cordially Invited 2025 Hindi Dual Audio WEB-DL 1080p - 720p - 480p,https://vegamovies.tl/38418-youre-cordially-invited-2025-hindi-dual-audio-web-dl-1080p-720p-480p.html,https://vgmlinks.lol/679ccf5c26774
Bad Genius 2024 Hindi Dual Audio WEB-DL 1080p - 720p - 480p,https://vegamovies.tl/38415-bad-genius-2024-hindi-dual-audio-web-dl-1080p-720p-480p.html,https://vgmlinks.lol/679ccbe353f91
Lucca’s World 2025 Hindi Dual Audio WEB-DL 1080p - 720p - 480p,https://vegamovies.tl/38412-luccas-world-2025-hindi-dual-audio-web-dl-1080p-720p-480p.html,https://vgmlinks.lol/679cc85167761
Tabaah 2024 Punjabi Audio WEB-DL 1080p - 720p - 480p,https://vegamovies.tl/38409-tabaah-2024-punjabi-audio-web-dl-1080p-720p-480p.html,https://vgmlinks.lol/679b97be25122
The Storyteller 2022 Hindi Audio WEB-DL 1080p - 720p - 480p,https://vegamovies.tl/38406-the-storyteller-2022-hindi-audio-web-dl-1080p-720p-480p.html,https://vgmlinks.lol/679b92ffcd6e3
The Count of Monte Cristo 2024 Hindi Dual Audio WEB-DL 1080p - 720p - 480p,https://vegamovies.tl/38400-the-count-of-monte-cristo-2024-hindi-dual-audio-web-dl-1080p-720p-480p.html,https://vgmlinks.lol/679b68a525a50
Emergency (2025) Hindi (ORG-DD2.0) WEBRip 1080p - 720p - 480p,https://vegamovies.tl/38289-emergency-2025-hindi-orgdd20-prehd-1080p-720p-480p.html,https://vgmlinks.lol/67a2b0793b24c
Hisaab Barabar 2024 Hindi WEB-DL 1080p - 720p - 480p,https://vegamovies.tl/38397-hisaab-barabar-2024-hindi-audio-web-dl-1080p-720p-480p.html,https://vgmlinks.lol/679875bd7e5f4
Sweet Dreams 2025 Hindi WEB-DL 1080p - 720p - 480p,https://vegamovies.tl/38394-sweet-dreams-2025-hindi-audio-web-dl-1080p-720p-480p.html,https://vgmlinks.lol/6798704ccb952
Eagle 2024 Hindi Dual Audio WEB-DL 1080p - 720p - 480p,https://vegamovies.tl/38391-eagle-2024-hindi-dual-audio-web-dl-1080p-720p-480p.html,https://vgmlinks.lol/67986d6399e15
Baghi ki beti 2025 Hindi WEB-DL 1080p - 720p - 480p,https://vegamovies.tl/38388-baghi-ki-beti-2025-hindi-audio-web-dl-1080p-720p-480p.html,https://vgmlinks.lol/6798697019182
Lockdown Wedding 2025 Hindi Audio WEB-DL 1080p - 720p - 480p,https://vegamovies.tl/38385-lockdown-wedding-2025-hindi-audio-web-dl-1080p-720p-480p.html,https://vgmlinks.lol/67986717ee3fc
Chal Mohan Ranga 2018 Hindi Dual Audio WEB-DL 1080p - 720p - 480p,https://vegamovies.tl/38382-chal-mohan-ranga-2018-hindi-dual-audio-web-dl-1080p-720p-480p.html,https://vgmlinks.lol/6798633e0db5b
Mediterraneo: The Law of the Sea 2021 Hindi Dual Audio WEB-DL 1080p - 720p - 480p,https://vegamovies.tl/38379-mediterraneo-the-law-of-the-sea-2021-hindi-dual-audio-web-dl-1080p-720p-480p.html,https://vgmlinks.lol/67985c4843d62
Daaku Maharaaj 2025 Hindi Dual Audio PRE-HD 1080p - 720p - 480p,https://vegamovies.tl/38376-daaku-maharaaj-2025-hindi-dual-audio-pre-hd-1080p-720p-480p.html,https://vgmlinks.lol/67967ebb69d03
Bhaje Vaayu Vegam 2024 Hindi Dual Audio WEB-DL 1080p - 720p - 480p,https://vegamovies.tl/38373-bhaje-vaayu-vegam-2024-hindi-dual-audio-web-dl-1080p-720p-480p.html,https://vgmlinks.lol/67967ab098332
Grafted 2024 Hindi Dual Audio WEB-DL 1080p - 720p - 480p,https://vegamovies.tl/38370-grafted-2024-hindi-dual-audio-web-dl-1080p-720p-480p.html,https://vgmlinks.lol/6796755263333
Butcher’s Crossing 2022 Hindi Dual Audio WEB-DL 1080p - 720p - 480p,https://vegamovies.tl/38367-butchers-crossing-2022-hindi-dual-audio-web-dl-1080p-720p-480p.html,https://vgmlinks.lol/679672bf0bede
Twilight of the Warriors: Walled In 2024 Hindi Dual Audio WEB-DL 1080p - 720p - 480p,https://vegamovies.tl/38364-twilight-of-the-warriors-walled-in-2024-hindi-dual-audio-web-dl-1080p-720p-480p.html,https://vgmlinks.lol/67966f8a7dc95
Dìdi 2024 Hindi Dual Audio WEB-DL 1080p - 720p - 480p,https://vegamovies.tl/38361-didi-2024-hindi-dual-audio-web-dl-1080p-720p-480p.html,https://vgmlinks.lol/67966c423d841
Sonic the Hedgehog 3 2024 Hindi Dual Audio WEB-DL 1080p - 720p  - 480p,https://vegamovies.tl/38358-sonic-the-hedgehog-3-2024-hindi-dual-audio-web-dl-1080p-720p-480p.html,https://vgmlinks.lol/6796688e63879
American Insurrection 2021 Hindi Dual Audio WEB-DL 1080p - 720p - 480p,https://vegamovies.tl/38355-american-insurrection-2021-hindi-dual-audio-web-dl-1080p-720p-480p.html,https://vgmlinks.lol/67921fb71d34c
The Forge 2024 Hindi Dual Audio WEB-DL 1080p - 720p - 480p,https://vegamovies.tl/38352-the-forge-2024-hindi-dual-audio-web-dl-1080p-720p-480p.html,https://vgmlinks.lol/67921cc675881
Azrael 2024 Hindi Dual Audio WEB-DL 1080p - 720p - 480p,https://vegamovies.tl/38349-azrael-2024-hindi-dual-audio-web-dl-1080p-720p-480p.html,https://vgmlinks.lol/679218ef5aac6
The Killer’s Game 2025 Hindi Dual Audio WEB-DL 1080p - 720p - 480p,https://vegamovies.tl/38346-the-killers-game-2025-hindi-dual-audio-web-dl-1080p-720p-480p.html,https://vgmlinks.lol/679215f120b1b
Night Hunter 2018 Hindi Dual Audio WEB-DL 1080p - 720p - 480p,https://vegamovies.tl/38343-night-hunter-2018-hindi-dual-audio-web-dl-1080p-720p-480p.html,https://vgmlinks.lol/6790f712430c8
Stake Land 2 – The Stakelander 2016 Hindi Dual Audio WEB-DL 1080p - 720p - 480p,https://vegamovies.tl/38340-stake-land-2-the-stakelander-2016-hindi-dual-audio-web-dl-1080p-720p-480p.html,https://vgmlinks.lol/6790eb981fbe8
Grizzly Rage 2007 Hindi Dual Audio WEB-DL 1080p - 720p - 480p,https://vegamovies.tl/38337-grizzly-rage-2007-hindi-dual-audio-web-dl-1080p-720p-480p.html,https://vgmlinks.lol/6790e675ae054
The Day of the Jackal 1973 Hindi Dual Audio WEB-DL 1080p - 720p - 480p,https://vegamovies.tl/38331-the-day-of-the-jackal-1973-hindi-dual-audio-web-dl-1080p-720p-480p.html,https://vgmlinks.lol/6790deeacfd0b
Marshall 2017 Hindi Dual Audio WEB-DL 1080p - 720p - 480p,https://vegamovies.tl/38325-marshall-2017-hindi-dual-audio-web-dl-1080p-720p-480p.html,https://vgmlinks.lol/678e29e1687ba
Four Kids and It 2020 Hindi Dual Audio WEB-DL 1080p - 720p - 480p,https://vegamovies.tl/38322-four-kids-and-it-2020-hindi-dual-audio-web-dl-1080p-720p-480p.html,https://vgmlinks.lol/678e2533e64da
PaniPuri 2024 Marathi WEB-DL 1080p - 720p - 480p,https://vegamovies.tl/38319-panipuri-2024-marathi-audio-web-dl-1080p-720p-480p.html,https://vgmlinks.lol/678e2148b538d
Side Effects 2013 Hindi Dual Audio WEB-DL 1080p - 720p - 480p,https://vegamovies.tl/38316-side-effects-2013-hindi-dual-audio-web-dl-1080p-720p-480p.html,https://vgmlinks.lol/678e1979148e4
Abrakadabra 2018 Hindi Dual Audio WEB-DL 1080p - 720p - 480p,https://vegamovies.tl/38313-abrakadabra-2018-hindi-dual-audio-web-dl-1080p-720p-480p.html,https://vgmlinks.lol/678e15df6903f
Island Escape 2023 Hindi Dual Audio WEB-DL 1080p - 720p - 480p,https://vegamovies.tl/38310-island-escape-2023-hindi-dual-audio-web-dl-1080p-720p-480p.html,https://vgmlinks.lol/678e12ba1b0f2
Unstoppable 2025 Hindi Dual Audio WEB-DL 1080p - 720p - 480p,https://vegamovies.tl/38274-unstoppable-2025-hindi-dual-audio-web-dl-1080p-720p-480p.html,https://vgmlinks.lol/678a841ac2363
Pushpa 2: RELOADED 2024 Hindi Dual Audio WEB-DL 1080p - 720p - 480p,https://vegamovies.tl/38271-pushpa-2-reloaded-2024-hindi-dual-audio-web-dl-1080p-720p-480p.html,https://vgmlinks.lol/678a80d764c3e
Mr. Bachchan 2024 Hindi Dual Audio WEB-DL 1080p - 720p - 480p,https://vegamovies.tl/38268-mr-bachchan-2024-hindi-dual-audio-web-dl-080p-720p-480p.html,https://vgmlinks.lol/678a50c6ba9d8
Rifle Club 2024 Hindi Dual Audio WEB-DL 1080p - 720p - 480p,https://vegamovies.tl/38265-rifle-club-2024-hindi-dual-audio-web-dl-1080p-720p-480p.html,https://vgmlinks.lol/678a4d7dac2eb
Sugar Baby 2024 Hindi Dual Audio WEB-DL 1080p - 720p - 480p,https://vegamovies.tl/38262-sugar-baby-2024-hindi-dual-audio-web-dl-1080p-720p-480p.html,https://vgmlinks.lol/678a49db3413b
Back in Action 2025 Hindi Dual Audio WEB-DL 1080p - 720p - 480p,https://vegamovies.tl/38259-back-in-action-2025-hindi-dual-audio-web-dl-1080p-720p-480p.html,https://vgmlinks.lol/678a45ea3ab9d
Apartment 7A 2024 Hindi Dual Audio WEB-DL 1080p - 720p - 480p,https://vegamovies.tl/38253-apartment-7a-2024-hindi-dual-audio-web-dl-1080p-720p-480p.html,https://vgmlinks.lol/6788d9ea38244
The Calendar Killer 2025 Hindi Dual Audio WEB-DL 1080p - 720p - 480p,https://vegamovies.tl/38250-the-calendar-killer-2025-hindi-dual-audio-web-dl-1080p-720p-480p.html,https://vgmlinks.lol/6788d666b9b1f
Hellboy: The Crooked Man 2024 Hindi Dual Audio WEB-DL 1080p - 720p - 480p,https://vegamovies.tl/38247-hellboy-the-crooked-man-2024-hindi-dual-audio-web-dl-1080p-720p-480p.html,https://vgmlinks.lol/6788d085a4c63
Pani 2024 Hindi Dual Audio WEB-DL 1080p - 720p - 480p,https://vegamovies.tl/38244-pani-2024-hindi-dual-audio-web-dl-1080p-720p-480p.html,https://vgmlinks.lol/6788a8582a5b2
Kraven the Hunter 2024 Hindi Dual Audio WEB-DL 1080p - 720p - 480p,https://vegamovies.tl/38238-kraven-the-hunter-2024-hindi-dual-audio-web-dl-1080p-720p-480p.html,https://vgmlinks.lol/6787c8503e1cc
Snake Skin Beauty 2024 Hindi Dual Audio WEB-DL 1080p - 720p - 480p,https://vegamovies.tl/38232-snake-skin-beauty-2024-hindi-dual-audio-web-dl-1080p-720p-480p.html,https://vgmlinks.lol/6786241dc1a15
The Witch: Revenge 2024 Hindi Dual Audio WEB-DL 1080p - 720p - 480p,https://vegamovies.tl/38229-the-witch-revenge-2024-hindi-dual-audio-web-dl-1080p-720p-480p.html,https://vgmlinks.lol/6786192637e61
Sorgavaasal 2024 Hindi Dual Audio WEB-DL 1080p - 720p - 480p,https://vegamovies.tl/38226-sorgavaasal-2024-hindi-dual-audio-web-dl-1080p-720p-480p.html,https://vgmlinks.lol/6785046473c8a
Shukrana 2024 Punjabi WEB-DL 1080p - 720p - 480p,https://vegamovies.tl/38223-shukrana-2024-punjabi-audio-web-dl-1080p-720p-480p.html,https://vgmlinks.lol/6784f805abfb9
Sookshmadarshini 2024 Hindi Dual Audio WEB-DL 1080p - 720p - 480p,https://vegamovies.tl/38220-sookshmadarshini-2024-hindi-dual-audio-web-dl-1080p-720p-480p.html,https://vgmlinks.lol/6784f46f7bbba
Nishabdham 2020 Hindi Dual Audio WEB-DL 1080p - 720p - 480p,https://vegamovies.tl/38217-nishabdham-2020-hindi-dual-audio-web-dl-1080p-720p-480p.html,https://vgmlinks.lol/6784f07788c7f
Bachhala Malli 2024 Hindi Dual Audio WEB-DL 1080p - 720p - 480p,https://vegamovies.tl/38214-bachhala-malli-2024-hindi-dual-audio-web-dl-1080p-720p-480p.html,https://vgmlinks.lol/6784e6d0637a9
Touch 2024 Hindi Dual Audio WEB-DL 1080p - 720p 480p,https://vegamovies.tl/38211-touch-2024-hindi-dual-audio-web-dl-1080p-720p-480p.html,https://vgmlinks.lol/6784e2599614b
Game Changer 2025 Hindi Audio PRE-HD 1080p - 720p - 480p,https://vegamovies.tl/38208-game-changer-2025-hindi-audio-pre-hd-1080p-720p-480p.html,https://vgmlinks.lol/6784ddfc804d1
Fateh 2025 Hindi Audio PRE-HD 1080p - 720p - 480p,https://vegamovies.tl/38205-fateh-2025-hindi-audio-pre-hd-1080p-720p-480p.html,https://vgmlinks.lol/6784d9ef46e89
Two Sisters 2019 Hindi Dual Audio WEB-DL 720p - 480p,https://vegamovies.tl/38202-two-sisters-2019-hindi-dual-audio-web-dl-720p-480p.html,https://vgmlinks.lol/6784d42c4c33d
The Lockdown 2024 Hindi Dual Audio WEB-DL 1080p - 720p - 480p,https://vegamovies.tl/38199-the-lockdown-2024-hindi-dual-audio-web-dl-1080p-720p-480p.html,https://vgmlinks.lol/6784cfe32c81c
Shadow Land 2024 Hindi Dual Audio WEB-DL 1080p - 720p - 480p,https://vegamovies.tl/38196-shadow-land-2024-hindi-dual-audio-web-dl-1080p-720p-480p.html,https://vgmlinks.lol/6784c9919e002
UI 2024 Hindi WEB-DL 1080p - 720p - 480p,https://vegamovies.tl/38193-ui-2024-hindi-audio-web-dl-1080p-720p-480p.html,https://vgmlinks.lol/678109eeed0d6
Chilli Chicken 2024 Hindi Dual Audio WEB-DL 1080p - 720p - 480p,https://vegamovies.tl/38190-chilli-chicken-2024-hindi-dual-audio-web-dl-1080p-720p-480p.html,https://vgmlinks.lol/678105d3c6ba0
The Sabarmati Report 2024 Hindi WEB-DL 1080p - 720p - 480p,https://vegamovies.tl/38187-the-sabarmati-report-2024-hindi-audio-web-dl-1080p-720p-480p.html,https://vgmlinks.lol/6780ffbb24582
Ad Vitam 2025 Hindi Dual Audio WEB-DL 1080p - 720p - 480p,https://vegamovies.tl/38184-ad-vitam-2025-hindi-dual-audio-web-dl-1080p-720p-480p.html,https://vgmlinks.lol/6780fb4ce2076
Dashmi 2024 Hindi Audio WEB-DL 1080p - 720p - 480p,https://vegamovies.tl/38181-dashmi-2024-hindi-audio-web-dl-1080p-720p-480p.html,https://vgmlinks.lol/677fb92e77834
Qalb 2024 Hindi Dual Audio WEB-DL 1080p - 720p - 480p,https://vegamovies.tl/38178-qalb-2024-hindi-dual-audio-web-dl-1080p-720p-480p.html,https://vgmlinks.lol/677fb68aae5c0
Blink Nat Geo 2024 Hindi Dual Audio WEB-DL 1080pp - 720p - 480p,https://vegamovies.tl/38175-blink-nat-geo-2024-hindi-dual-audio-web-dl-1080pp-720p-480p.html,https://vgmlinks.lol/677fb2c30113d
The Canterville Ghost 2023 Hindi Dual Audio WEB-DL 1080p - 720p - 480p,https://vegamovies.tl/38172-the-canterville-ghost-2023-hindi-dual-audio-web-dl-1080p-720p-480p.html,https://vgmlinks.lol/677e6e481fa75
Tekka 2024 Bengali Audio WEB-DL 1080p - 720p - 480p,https://vegamovies.tl/38169-tekka-2024-bengali-audio-web-dl-1080p-720p-480p.html,https://vgmlinks.lol/677e6a7b1519d
Kya Masti Kya Dhoom 2024 Hindi Audio WEB-DL 1080p - 720p - 480p,https://vegamovies.tl/38166-kya-masti-kya-dhoom-2024-hindi-audio-web-dl-1080p-720p-480p.html,https://vgmlinks.lol/677e63cf2a585
Sarkar 2018 Hindi Dual Audio WEB-DL 1080p - 720p - 480p,https://vegamovies.tl/38163-sarkar-2018-hindi-dual-audio-web-dl-1080p-720p-480p.html,https://vgmlinks.lol/677e60ce70c15
The Legend of Aqua Witch 2022 Hindi Dual Audio WEB-DL 1080p - 720p - 480p,https://vegamovies.tl/38124-the-legend-of-aqua-witch-2022-hindi-dual-audio-web-dl-1080p-720p-480p.html,https://vgmlinks.lol/677b91352f8d4
I Want To Talk 2024 Hindi Audio WEB-DL 1080p - 720p - 480p,https://vegamovies.tl/38118-i-want-to-talk-2024-hindi-audio-web-dl-1080p-720p-480p.html,https://vgmlinks.lol/677b84fb5b57b
Kaatera 2023 Hindi Dual Audio WEB-DL 1080p - 720p - 480p,https://vegamovies.tl/38121-kaatera-2023-hindi-dual-audio-web-dl-1080p-720p-480p.html,https://vgmlinks.lol/677b8a3133fec
Cover Versions 2018 Hindi Dual Audio WEB-DL 1080p - 720p - 480p,https://vegamovies.tl/38115-cover-versions-2018-hindi-dual-audio-web-dl-1080p-720p-480p.html,https://vgmlinks.lol/677b803edad03
Popular Theory 2024 Hindi Dual Audio HDRip 1080p – 720p – 480p,https://vegamovies.tl/38094-popular-theory-2024-hindi-dual-audio-hdrip-1080p-720p-480p.html,https://vgmlinks.lol/677b124282855
I Want To Talk 2024 Hindi HDRip 720p – 480p – 1080p,https://vegamovies.tl/38109-i-want-to-talk-2024-hindi-hq-hdtc-720p-480p-1080p.html,https://vgmlinks.lol/677b12f8a0257
The Man on the Road (2022) Hindi Dual Audio HDRip 1080p – 720p – 480p,https://vegamovies.tl/38106-the-man-on-the-road-2022-hindi-dual-audio-hdrip-1080p-720p-480p.html,https://vgmlinks.lol/677b14cd3cfc2
Wallace & Gromit: Vengeance Most Fowl (2025) Hindi Dual Audio HDRip 1080p – 720p – 480p,https://vegamovies.tl/38103-wallace-gromit-vengeance-most-fowl-2025-hindi-dual-audio-hdrip-1080p-720p-480p.html,https://vgmlinks.lol/677b1a22e78c5
Tiger’s Trigger (2022) Hindi Dubbed HDRip 1080p – 720p – 480p,https://vegamovies.tl/38097-tigers-trigger-2022-hindi-dubbed-hdrip-1080p-720p-480p.html,https://vgmlinks.lol/677b19e20f90d
Simbaa 2024 Hindi Audio WEB-DL 1080p - 720p - 480p,https://vegamovies.tl/38091-simbaa-2024-hindi-audio-web-dl-1080p-720p-480p.html,https://vgmlinks.lol/677780efc5995
Gogol. Viy (2018) Hindi Dual Audio HDRip 1080p – 720p – 480p,https://vegamovies.tl/38112-gogol-viy-2018-hindi-dual-audio-hdrip-1080p-720p-480p.html,https://vgmlinks.lol/677b15d5193fe
Barroz (2024) Hindi (DD5.1) WEB-DL 1080p - 720p - 480p,https://vegamovies.tl/38088-barroz-2024-hindi-dd51-webdl-1080p-720p-480p.html,https://vgmlinks.lol/67770c31a5ee0
Vanvaas (2024) Hindi (DD5.1) WEB-DL 1080p - 720p - 480p,https://vegamovies.tl/38085-vanvaas-2024-hindi-dd51-webdl-1080p-720p-480p-.html,https://vgmlinks.lol/67770a36cec81
Baby John (2024) Hindi (DD5.1) WEB-DL 1080p - 720p - 480p,https://vegamovies.tl/38082-baby-john-2024-hindi-dd51-webdl-1080p-720p-480p.html,https://vgmlinks.lol/677707c629aeb
Girls Guns and Blood 2019 Hindi Dual Audio WEB-DL 1080p - 720p - 480p,https://vegamovies.tl/38079-girls-guns-and-blood-2019-hindi-dual-audio-web-dl-1080p-720p-480p.html,https://vgmlinks.lol/677674f14b051
Wicked 2024 Hindi Dual Audio WEB-DL 1080p - 720p - 480p,https://vegamovies.tl/38076-wicked-2024-hindi-dual-audio-web-dl-1080p-720p-480p.html,https://vgmlinks.lol/6776724d0a221
Avicii - I'm Tim 2024 Hindi Dual Audio WEB-DL 1080p - 720p - 480p,https://vegamovies.tl/38073-avicii-im-tim-2024-hindi-dual-audio-web-dl-1080p-720p-480p.html,https://vgmlinks.lol/67766b9cd8d41
The Love Scam 2025 Hindi Dual Audio WEB-DL 1080p - 720p - 480p,https://vegamovies.tl/38070-the-love-scam-2025-hindi-dual-audio-web-dl-1080p-720p-480p.html,https://vgmlinks.lol/677666946fc60
Don’t Die: The Man Who Wants to Live Forever 2025 Hindi Dual Audio WEB-DL 1080p - 720p - 480p,https://vegamovies.tl/38067-dont-die-the-man-who-wants-to-live-forever-2025-hindi-dual-audio-web-dl-1080p-720p-480p.html,https://vgmlinks.lol/6776633de6e68
Mufasa: The Lion King (2024) Hindi (LiNE) HDRip 720p – 480p – 1080p,https://vegamovies.tl/37872-mufasa-the-lion-king-2024-hindi-camrip-1080p.html,https://vgmlinks.lol/6773025be6e0f
Time For Him To Come Home For 2022 Hindi Dual Audio WEB-DL 1080p - 720p - 480p,https://vegamovies.tl/38010-time-for-him-to-come-home-for-2022-hindi-dual-audio-web-dl-1080p-720p-480p.html,https://vgmlinks.lol/677265b87acb7
Jango 2021 Hindi Dual Audio WEB-DL 1080p - 720p - 480p,https://vegamovies.tl/38007-jango-2021-hindi-dual-audio-web-dl-1080p-720p-480p.html,https://vgmlinks.lol/67726029c26a8
Mura 2024 Hindi Dual Audio WEB-DL 1080p - 720p - 480p,https://vegamovies.tl/38004-mura-2024-hindi-dual-audio-web-dl-1080p-720p-480p.html,https://vgmlinks.lol/67725b9fed219
Sindhubaadh 2019 Hindi Dubbed WEB-DL 1080p - 720p - 480p,https://vegamovies.tl/37998-marco-2024-hindi-dubbed-web-rip-1080p-720p-480p.html,https://vgmlinks.lol/6772578e874a8
T-34 2018 Hindi Dual Audio WEB-DL 1080p - 720p - 480p,https://vegamovies.tl/38001-t-34-2018-hindi-dual-audio-web-dl-1080p-720p-480p.html,https://vgmlinks.lol/677252d96a297
Kaatera (2023) (Hindi – Kannada) HDRip 720p – 480p – 1080p,https://vegamovies.tl/38100-kaatera-2023-hindi-kannada-hdrip-720p-480p-1080p.html,https://vgmlinks.lol/677b17486c5e7
Marco 2024 Hindi (Org) HDRip 720p – 480p – 1080p,https://vegamovies.tl/38064-marco-2024-hindi-cleaned-pre-dvdrip-720p-480p-1080p.html,https://vgmlinks.lol/67730f4313f6c
Your Fault 2024 Hindi Dual Audio HDRip 1080p – 720p – 480p,https://vegamovies.tl/37920-your-fault-2024-hindi-dual-audio-hdrip-1080p-720p-480p.html,https://vgmlinks.lol/677692c9dea7a
Moana 2 2024 Dual Audio Hindi (Cleaned) HDRip 1080p – 720p – 480p,https://vegamovies.tl/37923-moana-2-2024-dual-audio-hindi-cleaned-hq-hdtc-1080p-720p-480p.html,https://vgmlinks.lol/676f10ea011bf
Squid Game – Season 2 (2024) Hindi Dubbed WEB-DL 1080p - 720p - 480p,https://vegamovies.tl/37917-squid-game-season-2-2024-hindi-dubbed-webdl-1080p-720p-480p.html,https://vgmlinks.lol/genxfm784776399761/
Serve the People 2022 Hindi Dual Audio WEB-DL 1080p - 720p - 480p,https://vegamovies.tl/37911-serve-the-people-2022-hindi-dual-audio-web-dl-1080p-720p-480p.html,https://vgmlinks.lol/676c2810cb680
Squid Game – Season 1 (2021) Hindi Dubbed WEB-DL 1080p - 720p - 480p,https://vegamovies.tl/30150-squid-game-2021-season-1-hindi-dual-audio-1-8-episodes-hdrip-720p-480p.html,https://vgmlinks.lol/genxfm784776399788/
Gladiator II 2024 Hindi Dual Audio HDRip 720p – 480p – 1080p,https://vegamovies.tl/37908-gladiator-ii-2024-hindi-dubbed-hdts-720p-480p-1080p.html,https://vgmlinks.lol/676b4110ab57e
Bagheera (2024) Dual Audio Hindi (DD5.1) HDRip 720p – 480p – 1080p,https://vegamovies.tl/37905-bagheera-2024-hq-hindi-dubbed-hdrip-720p-480p-1080p.html,https://vgmlinks.lol/676b39ea8bb46
Alice in Wonderland 2010 Hindi Dual Audio WEB-DL 1080p - 720p - 480p,https://vegamovies.tl/37902-alice-in-wonderland-2010-hindi-dual-audio-web-dl-1080p-720p-480p.html,https://vgmlinks.lol/676ac1d5619af
Scrambled 2023 Hindi Dual Audio WEB-Dl 1080p - 720p - 480p,https://vegamovies.tl/37899-scrambled-2023-hindi-dual-audio-web-dl-1080p-720p-480p.html,https://vgmlinks.lol/676ab661c50e1
The Roundup Punishment 2024 Hindi Dual Audio WEB-DL 1080p - 720p - 480p,https://vegamovies.tl/37896-the-roundup-punishment-2024-hindi-dual-audio-web-dl-1080p-720p-480p.html,https://vgmlinks.lol/676a9e78012cf
RAM: Rapid Action Mission Hindi Dual Audio WEB-DL 1080p - 720p - 480p,https://vegamovies.tl/37893-ram-rapid-action-mission-hindi-dual-audio-web-dl-1080p-720p-480p.html,https://vgmlinks.lol/676a974554d1b
Float 2023 Hindi Dual Audio WEB-DL 1080p - 720p - 480p,https://vegamovies.tl/37890-float-2023-hindi-dual-audio-web-dl-1080p-720p-480p.html,https://vgmlinks.lol/676a8290950d9
Spiders – Infested/Vermines 2023 Hindi Dual Audio WEB-DL 1080p - 720p - 480p,https://vegamovies.tl/37887-spiders-infested-vermines-2023-hindi-dual-audio-web-dl-1080p-720p-480p.html,https://vgmlinks.lol/676a7f9df40f5
Paani 2024 Marathi WEB-DL 1080p - 720p - 480p,https://vegamovies.tl/37884-paani-2024-marathi-audio-web-dl-1080p-720p-480p.html,https://vgmlinks.lol/676907133c03d
Rise of the Planet of the Apes 2011 Hindi Dual Audio WEB-DL 1080p - 720p - 480p,https://vegamovies.tl/37881-rise-of-the-planet-of-the-apes-2011-hindi-dual-audio-web-dl-1080p-720p-480p.html,https://vgmlinks.lol/6769008bc8d4b
Pushpa: The Rule – Part 2 (2024) Hindi (ORG-DD5.1) WEB-DL 1080p - 720p - 480p,https://vegamovies.tl/37671-pushpa-the-rule-part-2-2024-hindi-dubbed-camrip-1080p.html,https://vgmlinks.lol/676b47dce51f1
Vanvaas (2024) Hindi CAMRip 1080p,https://vegamovies.tl/37863-vanvaas-2024-hindi-camrip-1080p.html,https://vgmlinks.lol/676726e50741c
Yo Yo Honey Singh: Famous 2024 Hindi (ORG 5.1) HDRip 720p – 480p – 1080p,https://vegamovies.tl/37878-yo-yo-honey-singh-famous-2024-hindi-org-5-1-hdrip-720p-480p-1080p.html,https://vgmlinks.lol/67674592520d6
Boy Kills World 2023 Hindi Dual Audio HDRip 1080p – 720p – 480p,https://vegamovies.tl/37875-boy-kills-world-2023-hindi-dual-audio-hdrip-1080p-720p-480p.html,https://vgmlinks.lol/67673e2d977d2
Three Man And A Ghost 2022 Hindi Dual Audio WEB-DL 1080p - 720p - 480p,https://vegamovies.tl/37860-three-man-and-a-ghost-2022-hindi-dual-audio-web-dl-1080p-720p-480p.html,https://vgmlinks.lol/6765398fb52ef
The Six Triple Eight 2024 Hindi Dual Audio WEB-DL 1080p - 720p - 480p,https://vegamovies.tl/37857-the-six-triple-eight-2024-hindi-dual-audio-web-dl-1080p-720p-480p.html,https://vgmlinks.lol/676537cbd41cc
Girls Will Be Girls 2024 Hindi Dual Audio WEB-DL 1080p - 720p - 480p,https://vegamovies.tl/37851-girls-will-be-girls-2024-hindi-dual-audio-web-dl-1080p-720p-480p.html,https://vgmlinks.lol/6763d63d1228d
Nice Girls 2024 Hindi Dual Audio WEB-Dl 1080p - 720p - 480p,https://vegamovies.tl/37848-nice-girls-2024-hindi-dual-audio-web-dl-1080p-720p-480p.html,https://vgmlinks.lol/6763d20edf448
Zero Se Restart 2024 Hindi HDRip 720p – 480p – 1080p,https://vegamovies.tl/37845-zero-se-restart-2024-hindi-cleaned-hq-hdtc-720p-480p-1080p.html,https://vgmlinks.lol/67634b16d4da4
Kraven the Hunter (2024) Hindi Dual Audio WEB-DL 720p – 480p – 1080p,https://vegamovies.tl/37842-kraven-the-hunter-2024-hindi-dual-audio-webdl-720p-480p-1080p.html,https://vgmlinks.lol/67634764cca56
Love In 39 Degrees 2024 Hindi Dual Audio WEB-DL 1080p - 720p - 480p,https://vegamovies.tl/37839-love-in-39-degrees-2024-hindi-dual-audio-web-dl-1080p-720p-480p.html,https://vgmlinks.lol/6762b26cd0248
Benaam Rishta 2024 Hindi Audio WEB-DL 1080p - 720p - 480p,https://vegamovies.tl/37836-benaam-rishta-2024-hindi-audio-web-dl-1080p-720p-480p.html,https://vgmlinks.lol/67614347d59f5
Anora (2024) Hindi WEBRip 1080p,https://vegamovies.tl/37869-anora-2024-hindi-webrip-1080p.html,https://vgmlinks.lol/676736987390a
Udan Chhoo 2024 Gujarat Audio WEB-DL 1080p - 720p - 480p,https://vegamovies.tl/37833-udan-chhoo-2024-gujarat-audio-web-dl-1080p-720p-480p.html,https://vgmlinks.lol/67613a2bac99e
Last Holiday 2006 Hindi Dual Audio WEB-DL 1080p - 720p - 480p,https://vegamovies.tl/37830-last-holiday-2006-hindi-dual-audio-web-dl-1080p-720p-480p.html,https://vgmlinks.lol/67613460bc697
Lal Salaam 2024 Hindi HDTV 1080p - 720p - 480p,https://vegamovies.tl/37824-lal-salaam-2024-hindi-audio-hdtv-1080p-720p-480p.html,https://vgmlinks.lol/675fbab37f53e
Carry On 2024 Hindi Dual Audio WEB-DL 1080p - 720p - 480p,https://vegamovies.tl/37821-carry-on-2024-hindi-dual-audio-web-dl-1080p-720p-480p.html,https://vgmlinks.lol/675fb562c4538
Survive 2024 Hindi Dual Audio WEB-DL 1080p - 720p - 480p,https://vegamovies.tl/37815-survive-2024-hindi-dual-audio-web-dl-1080p-720p-480p.html,https://vgmlinks.lol/675fad3a5e456
Marco (2024) Hindi CAMRip 1080p,https://vegamovies.tl/37866-marco-2024-hindi-camrip-1080p.html,https://vgmlinks.lol/67672e5e2f5cc
Bougainvillea 2024 Hindi Dual Audio WEB-DL 1080p - 720p - 480p,https://vegamovies.tl/37812-bougainvillea-2024-hindi-dual-audio-web-dl-1080p-720p-480p.html,https://vgmlinks.lol/675c06efb8512
Despatch 2024 Hindi Audio WEB-DL 1080p - 720p - 480p,https://vegamovies.tl/37809-despatch-2024-hindi-audio-web-dl-1080p-720p-480p.html,https://vgmlinks.lol/675c00b9bb555
Red One 2024 Hindi Dual Audio WEB-DL 1080p - 720p - 480p,https://vegamovies.tl/37806-red-one-2024-hindi-dual-audio-web-dl-1080p-720p-480p.html,https://vgmlinks.lol/675bfac87d396
Cash Out 2024 Hindi Dual Audio WEB-DL 1080p - 720p - 480p,https://vegamovies.tl/37803-cash-out-2024-hindi-dual-audio-web-dl-1080p-720p-480p.html,https://vgmlinks.lol/675a9ae8afd95
How to Win a Prince 2023 Hindi Dual Audio 1080p - 720p - 480p,https://vegamovies.tl/37800-how-to-win-a-prince-2023-hindi-dual-audio-1080p-720p-480p.html,https://vgmlinks.lol/675aa6bc24f89
Dear Santa 2024 Hindi Dual Audio WEB-DL 1080p - 720p - 480p,https://vegamovies.tl/37794-dear-santa-2024-hindi-dual-audio-web-dl-1080p-720p-480p.html,https://vgmlinks.lol/675a9675daa30
Dancing Village: The Curse Begins 2024 Hindi Dual Audio WEb-DL 1080p - 720p - 480p,https://vegamovies.tl/37791-dancing-village-the-curse-begins-2024-hindi-dual-audio-web-dl-1080p-720p-480p.html,https://vgmlinks.lol/675961307f18c
Thangalaan 2024 Hindi Dual Audio WEB-DL 1080p - 720p - 480p,https://vegamovies.tl/37788-thangalaan-2024-hindi-dual-audio-web-dl-1080p-720p-480p.html,https://vgmlinks.lol/6759599045d15
Family Camp 2022 Hindi Dual Audio WEB-DL 1080p - 720p - 480p,https://vegamovies.tl/37785-family-camp-2022-hindi-dual-audo-web-dl-1080p-720p-480p.html,https://vgmlinks.lol/6759542c54768
The Crow 2024 Hindi Dual Audio WEB-DL 1080p - 720p - 480p,https://vegamovies.tl/37779-the-crow-2024-hindi-dual-audio-web-dl-1080p-720p-480p.html,https://vgmlinks.lol/675946aad4ad4
Venom: The Last Dance (2024) Dual Audio Hindi (ORG 5.1) HDRip 720p – 480p – 1080p,https://vegamovies.tl/37776-venom-the-last-dance-2024-hindi-line-english-hdts-720p-480p-1080p.html,https://vgmlinks.lol/676a2a47e8681
Don't Turn Out the Lights 2023 Hindi Dual Audio WEB-DL 1080p - 720p - 480p,https://vegamovies.tl/37770-dont-turn-out-the-lights-2023-1h-49m-imdb-rating-2024-hindi-dual-audio-web-dl-1080p-720p-480p.html,https://vgmlinks.lol/67581fc40eec0
Shortcomings 2023 Hindi Dual Audio WEB-DL 1080p - 720p - 480p,https://vegamovies.tl/37767-shortcomings-2023-hindi-dual-audio-web-dl-1080p-720p-480p.html,https://vgmlinks.lol/6757f4f2b09e6
Romeo 2024 Hindi Dual Audio WEB-DL 1080p - 720p - 480p,https://vegamovies.tl/37764-romeo-2024-hindi-dual-audio-web-dl-1080p-720p-480p.html,https://vgmlinks.lol/6757efb71c671
Year 10 2024 Hindi Dual Audio WEB-DL 1080p - 720p - 480p,https://vegamovies.tl/37761-year-10-2024-hindi-dual-audio-web-dl-1080p-720p-480p.html,https://vgmlinks.lol/6757e10178e1c
Amber Alert 2024 Hindi Dual Audio WEB-DL 1080p - 720p - 480p,https://vegamovies.tl/37752-amber-alert-2024-hindi-dual-audio-web-dl-1080p-720p-480p.html,https://vgmlinks.lol/6755ef4ae6285
Camp Crasher 2024 Hindi Multi Audio WEB-DL 1080p 720p - 480p,https://vegamovies.tl/37749-camp-crasher-2024-hindi-multi-audio-web-dl-1080p-720p-480p.html,https://vgmlinks.lol/6755e982e0d61
The Red Virgin 2024 Hindi Dual Audio WEB-DL 1080p - 720p - 480p,https://vegamovies.tl/37746-the-red-virgin-2024-hindi-dual-audio-web-dl-1080p-720p-480p.html,https://vgmlinks.lol/6755e20e06e1b
Sting 2024 Hindi Dual Audio WEB-DL 1080p - 720p - 480p,https://vegamovies.tl/37743-sting-2024-hindi-dual-audio-web-dl-1080p-720p-480p.html,https://vgmlinks.lol/6755dc7a14a24
Kalinga 2024 Hindi Dual Audio WEB-DL 1080p - 720p - 480p,https://vegamovies.tl/37740-kalinga-2024-hindi-dual-audio-web-dl-1080p-720p-480p.html,https://vgmlinks.lol/67557ec7a87a9
Due Justice 2023 Hindi Dual Audio WEB-DL 1080p - 720p - 480p,https://vegamovies.tl/37737-due-justice-2023-hindi-dual-audio-web-dl-1080p-720p-480p.html,https://vgmlinks.lol/67557a108957b
Bhool Bhulaiyaa 3 2024 Hindi (Org) HDRip 720p – 480p – 1080p,https://vegamovies.tl/37725-bhool-bhulaiyaa-3-2024-hindi-cleaned-hdtc-720p-480p-1080p.html,https://vgmlinks.lol/6754d2c845616
Gandhi 3 2024 Punjabi HDRip 720p – 480p – 1080p,https://vegamovies.tl/37722-gandhi-3-2024-punjabi-hdrip-720p-480p-1080p.html,https://vgmlinks.lol/676a1a0c6d7c1
Paradox Effect 2024 Hindi Dual Audio HDRip 1080p – 720p – 480p,https://vegamovies.tl/37719-paradox-effect-2024-hindi-dual-audio-hdrip-1080p-720p-480p.html,https://vgmlinks.lol/6769bf01175fd
Singham Again 2024 Hindi HDRip 720p – 480p – 1080p,https://vegamovies.tl/37716-singham-again-2024-hindi-pre-dvdrip-720p-480p-1080p.html,https://vgmlinks.lol/676a2520e706f
A Monster In Paris 2011 Hindi Dual Audio 1080p - 720p - 480p,https://vegamovies.tl/37695-a-monster-in-paris-2011-hindi-dual-audio-1080p-720p-480p.html,https://vgmlinks.lol/675470c0b7978
Vicky Vidya Ka Woh Wala Video 2024 Hindi HDRip 720p – 480p – 1080p,https://vegamovies.tl/37713-vicky-vidya-ka-woh-wala-video-2024-hindi-pre-dvdrip-720p-480p-1080p.html,https://vgmlinks.lol/676a2ad552baf
Agni 2024 Hindi HDRip 720p – 480p – 1080p,https://vegamovies.tl/37731-agni-2024-hindi-hdrip-720p-480p-1080p.html,https://vgmlinks.lol/676a189a52e15
Jigra 2024 Hindi (ORG 5.1) HDRip 720p – 480p – 1080p,https://vegamovies.tl/37728-jigra-2024-hindi-cleaned-hdts-720p-480p-1080p.html,https://vgmlinks.lol/676a1afdda8c0
Mary 2024 Hindi Dual Audio WEB-DL 1080p - 720p - 480p,https://vegamovies.tl/37686-mary-2024-hindi-dual-audio-web-dl-1080p-720p-480p.html,https://vgmlinks.lol/67532cab458ed
Sammathame 2022 Hindi Dual Audio HDRip 1080p – 720p – 480p,https://vegamovies.tl/37734-sammathame-2022-hindi-dual-audio-hdrip-1080p-720p-480p.html,https://vgmlinks.lol/676a21b13c43d
Love at the Bootcamp 2024 Hindi Dual Audio WEB-DL 1080p - 720p - 480p,https://vegamovies.tl/37677-love-at-the-bootcamp-2024-hindi-dual-audio-web-dl-1080p-720p-480p.html,https://vgmlinks.lol/6751d83bd5561
The PA and the Manhattan Prince 2024 Hindi Dual Audio WEB-DL 1080p - 720p - 480p,https://vegamovies.tl/37674-the-pa-and-the-manhattan-prince-2024-hindi-dual-audio-web-dl-1080p-720p-480p.html,https://vgmlinks.lol/6751cf31b39a8
The Children’s Train 2024 Hindi Dual Audio 1080p - 720p - 480p,https://vegamovies.tl/37650-the-childrens-train-2024-hindi-dual-audio-1080p-720p-480p.html,#
Matka 2024 Hindi HDRip 720p – 480p – 1080p,https://vegamovies.tl/37683-matka-2024-hindi-hdrip-720p-480p-1080p.html,https://vgmlinks.lol/676a1ca403df5
Amaran 2014 (Hindi – Tamil) HDRip 720p – 480p – 1080p,https://vegamovies.tl/37680-amaran-2014-hindi-tamil-hdrip-720p-480p-1080p.html,https://vgmlinks.lol/676a18dc276c6
Kanguva 2024 Hindi (Cleaned) HDRip 720p – 480p – 1080p,https://vegamovies.tl/37662-kanguva-2024-hindi-hdts-720p-480p-1080p.html,https://vgmlinks.lol/676a1b9f4ac86
Velaiyilla Pattathari 2014 (Hindi – Tamil) HDRip 720p – 480p – 1080p,https://vegamovies.tl/37659-velaiyilla-pattathari-2014-hindi-tamil-hdrip-720p-480p-1080p.html,https://vgmlinks.lol/676a2802dd558
Never Let Go 2024 Hindi Dual Audio HDRip 1080p – 720p – 480p,https://vegamovies.tl/37656-never-let-go-2024-hindi-dual-audio-hdrip-1080p-720p-480p.html,https://vgmlinks.lol/6769f9cd2755e
Nasibpura (2024) Punjabi HDRip 720p – 480p – 1080p,https://vegamovies.tl/37653-nasibpura-2024-punjabi-hdrip-720p-480p-1080p.html,https://vgmlinks.lol/6769be3664571
Antique 2008 Hindi Dual Audio 1080p - 720p - 480p,https://vegamovies.tl/37647-antique-2008-hindi-dual-audio-1080p-720p-480p.html,https://vgmlinks.lol/6750965ba52e2
Cellar Door 2024 Hindi Dual Audio WEB-DL 1080p - 720p - 480p,https://vegamovies.tl/37644-cellar-door-2024-hindi-dual-audio-web-dl-1080p-720p-480p.html,https://vgmlinks.lol/674eb640da9bf
Karataka Damanaka (2024) Hindi Dual Audio HDRip 1080p – 720p – 480p,https://vegamovies.tl/37638-karataka-damanaka-2024-hindi-dual-audio-hdrip-1080p-720p-480p.html,https://vgmlinks.lol/676a1c1c4dbb9
Bagman (2024) Hindi Dual Audio HDRip 1080p – 720p – 480p,https://vegamovies.tl/37635-bagman-2024-hindi-dual-audio-hdrip-1080p-720p-480p.html,https://vgmlinks.lol/6769b85135b2a
The Medallion 2003 Hindi Dual Audio BluRay 1080p - 720p - 480,https://vegamovies.tl/37632-the-medallion-2023-hindi-dual-audio-1080p-720p-480.html,https://vgmlinks.lol/676a25f127490
Phullwanti 2024 Marathi Dubbed WEB-DL 1080p - 720p - 480p,https://vegamovies.tl/37629-phullwanti-2024-marathi-dubbed-web-dl-720p-480p-1080p.html,https://vgmlinks.lol/67558806207b3
A Few Good Men 1992 Hindi Dual Audio BluRay 1080p - 720p - 480p,https://vegamovies.tl/37626-a-few-good-men-1992-hindi-dual-audio-bluray-1080p-720p-480p.html,https://vgmlinks.lol/676a17cb13d48
Veteran 2015 Hindi Dual Audio HDRip 1080p – 720p – 480p,https://vegamovies.tl/37641-veteran-2015-hindi-dual-audio-hdrip-1080p-720p-480p.html,https://vgmlinks.lol/6775aa451dcf7
Sikandar Ka Muqaddar 2024 Hindi HDRip 720p – 480p – 1080p,https://vegamovies.tl/37608-sikandar-ka-muqaddar-2024-hindi-hdrip-720p-480p-1080p.html,https://vgmlinks.lol/62294/
Jeanne Du Barry 2023 Hindi Dual Audio HDRip 1080p – 720p – 480p,https://vegamovies.tl/37605-jeanne-du-barry-2023-hindi-dual-audio-hdrip-1080p-720p-480p.html,https://vgmlinks.lol/62291/
Moana 2 (2024) Hindi Dubbed CAMRip V4 1080p,https://vegamovies.tl/37602-moana-2-2024-hindi-dubbed-camrip-v4-1080p.html,https://fast-dl.lol/dl/5e5a38
Mononoke the Movie: The Phantom in the Rain (2024) Hindi Dual Audio HDRip 1080p – 720p – 480p,https://vegamovies.tl/37623-mononoke-the-movie-the-phantom-in-the-rain-2024-hindi-dual-audio-hdrip-1080p-720p-480p.html,https://vgmlinks.lol/62260/
The Dark Tower (2017) Hindi Dual Audio BluRay 720p – 480p – 1080p,https://vegamovies.tl/37620-the-dark-tower-2017-hindi-dual-audio-720p-bluray-900mb.html,https://vgmlinks.lol/22610/
Blue Van (2024) Punjabi HDRip 720p – 480p – 1080p,https://vegamovies.tl/37617-blue-van-2024-punjabi-hdrip-720p-480p-1080p.html,https://vgmlinks.lol/62266/
Chestnut 2024 Hindi Dual Audio HDRip 1080p – 720p – 480p,https://vegamovies.tl/37614-chestnut-2024-hindi-dual-audio-hdrip-1080p-720p-480p.html,https://vgmlinks.lol/62281/
Woman of the Hour 2024 Hindi Dual Audio HDRip 1080p – 720p – 480p,https://vegamovies.tl/37611-woman-of-the-hour-2024-hindi-dual-audio-hdrip-1080p-720p-480p-2.html,https://vgmlinks.lol/62278/
Our Little Secret (2024) Hindi Dual Audio HDRip 1080p – 720p – 480p,https://vegamovies.tl/37587-our-little-secret-2024-hindi-dual-audio-hdrip-1080p-720p-480p.html,https://vgmlinks.lol/674b374dc7dc9
Tanhaji (2020) (Hindi – Marathi) HDRip 720p – 480p – 1080p,https://vegamovies.tl/37584-tanhaji-2020-hindi-marathi-hdrip-720p-480p-1080p.html,https://vgmlinks.lol/674b3797d96bd
The Divine Move (2014) Hindi Dual Audio HDRip 1080p – 720p – 480p,https://vegamovies.tl/37581-the-divine-move-2014-hindi-dual-audio-hdrip-1080p-720p-480p.html,https://vgmlinks.lol/674b332ae2a18
Lucky Baskhar 2024 (Hindi – Telugu) HDRip 720p – 480p – 1080p,https://vegamovies.tl/37578-lucky-baskhar-2024-hindi-telugu-hdrip-720p-480p-1080p.html,https://vgmlinks.lol/674ddb0e91bb8
Love Conquest (2020) Hindi Dual Audio HDRip 1080p – 720p – 480p,https://vegamovies.tl/37515-love-conquest-2020-hindi-dual-audio-hdrip-1080p-720p-480p.html,https://vgmlinks.lol/6769bd7108f76
Smile 2 2024 Hindi Dual Audio HDRip 1080p – 720p – 480p,https://vegamovies.tl/37518-smile-2-2024-hindi-dual-audio-hdrip-1080p-720p-480p.html,https://vgmlinks.lol/67490597b0305
Geethanjali Malli Vachindi 2024 Hindi Dual Audio HDRip 1080p – 720p – 480p,https://vegamovies.tl/37521-geethanjali-malli-vachindi-2024-hindi-dual-audio-hdrip-1080p-720p-480p.html,https://vgmlinks.lol/676a1a8ba642e
BLACK (2024) [HQ Hindi Dub] HDRip 1080p – 720p – 480p,https://vegamovies.tl/37512-black-2024-hq-hindi-dub-hdrip-1080p-720p-480p.html,https://vgmlinks.lol/676a198d71b7e
Petta Rap 2024 Hindi Dual Audio HDRip 1080p – 720p – 480p,https://vegamovies.tl/37323-petta-rap-2024-hindi-dual-audio-hdrip-1080p-720p-480p.html,https://vgmlinks.lol/6769bf93a801e
Pushpa: The Rise – Part 1 (2021) Movie BluRay – 480p – 720p – 1080p,https://vegamovies.tl/37320-pushpa-the-rise-part-1-2021-movie-480p-720p.html,https://vgmlinks.lol/67742789eb51d
Sucha Soorma 2024 Punjabi HDRip 720p – 480p – 1080p,https://vegamovies.tl/37317-sucha-soorma-2024-punjabi-hdrip-720p-480p-1080p.html,https://vgmlinks.lol/6769c19608e96
Pimpinero: Blood and Oil (2024) Hindi Dual Audio HDRip 1080p – 720p – 480p,https://vegamovies.tl/37335-pimpinero-blood-and-oil-2024-hindi-dual-audio-hdrip-1080p-720p-480p.html,https://vgmlinks.lol/6769fae49d708
Greedy People (2024) Hindi Dual Audio HDRip 1080p – 720p – 480p,https://vegamovies.tl/37332-greedy-people-2024-hindi-dual-audio-hdrip-1080p-720p-480p.html,https://vgmlinks.lol/6769f80039ab4
The Piano Lesson (2024) Hindi Dual Audio HDRip 1080p – 720p – 480p,https://vegamovies.tl/37329-the-piano-lesson-2024-hindi-dual-audio-hdrip-1080p-720p-480p.html,https://vgmlinks.lol/62110/
Spellbound (2024) Hindi Dual Audio HDRip 1080p – 720p – 480p,https://vegamovies.tl/37326-spellbound-2024-hindi-dual-audio-hdrip-1080p-720p-480p.html,https://vgmlinks.lol/6769c06f21418
Saturday Night (2024) Hindi Dual Audio HDRip 1080p – 720p – 480p,https://vegamovies.tl/37263-saturday-night-2024-hindi-dual-audio-hdrip-1080p-720p-480p.html,https://vgmlinks.lol/6742cc5cde241
Buy Now! The Shopping Conspiracy (2024) Hindi Dual Audio HDRip 1080p – 720p – 480p,https://vegamovies.tl/37281-buy-now-the-shopping-conspiracy-2024-hindi-dual-audio-hdrip-1080p-720p-480p.html,https://vgmlinks.lol/6742da6a4e28c
GTMax (2024) Hindi Dual Audio HDRip 1080p – 720p – 480p,https://vegamovies.tl/37278-gtmax-2024-hindi-dual-audio-hdrip-1080p-720p-480p.html,https://vgmlinks.lol/6769f8d94b4b2
The Merry Gentlemen (2024) Hindi Dual Audio HDRip 1080p – 720p – 480p,https://vegamovies.tl/37275-the-merry-gentlemen-2024-hindi-dual-audio-hdrip-1080p-720p-480p.html,https://vgmlinks.lol/6769fcd8c7ab0
Alien: Romulus 2024 Hindi (Org) Dual Audio Web-DL 1080p – 720p – 480p,https://vegamovies.tl/37272-alien-romulus-2024-hindi-dual-audio-hdts-1080p-720p-480p.html,https://vgmlinks.lol/59902/
Blink 2024 Hindi Dual Audio HDRip 1080p – 720p – 480p,https://vegamovies.tl/37269-blink-2024-hindi-dual-audio-hdrip-1080p-720p-480p.html,https://vgmlinks.lol/6769b9cea5afb
Devara (Part-1) 2024 Hindi (Org) HDRip 720p – 480p – 1080p,https://vegamovies.tl/37266-devara-part-1-2024-hindi-pre-dvdrip-720p-480p-1080p.html,https://vgmlinks.lol/60720/
Kishkindha Kaandam 2024 (Hindi – Malayalam) HDRip 720p – 480p – 1080p,https://vegamovies.tl/37137-kishkindha-kaandam-2024-hindi-malayalam-hdrip-720p-480p-1080p.html,https://vgmlinks.lol/6769bc380c8e9
Belzebuth (2017) Hindi Dual Audio HDRip 1080p – 720p – 480p,https://vegamovies.tl/37134-belzebuth-2017-hindi-dual-audio-hdrip-1080p-720p-480p.html,https://vgmlinks.lol/62045/
Kangaroo (2024) (Hindi – Kannada) HDRip 720p – 480p – 1080p,https://vegamovies.tl/37140-kangaroo-2024-hindi-kannada-hdrip-720p-480p-1080p.html,https://vgmlinks.lol/62029/
Buddy (2024) (Hindi – Telugu) HDRip 720p – 480p – 1080p,https://vegamovies.tl/37155-buddy-2024-hindi-telugu-hdrip-720p-480p-1080p.html,https://vgmlinks.lol/6769bac40fb32
Run Raja Run (2014) (Hindi – Telugu) HDRip 720p – 480p – 1080p,https://vegamovies.tl/37152-run-raja-run-2014-hindi-telugu-hdrip-720p-480p-1080p.html,https://vgmlinks.lol/6769fbaad43b9
Sisters (2015) Hindi Dual Audio HDRip 1080p – 720p – 480p,https://vegamovies.tl/37149-sisters-2015-hindi-dual-audio-hdrip-1080p-720p-480p.html,https://vgmlinks.lol/675cb77cbf950
Personal Shopper 2016 Hindi Dual Audio HDRip 1080p – 720p – 480p,https://vegamovies.tl/37146-personal-shopper-2016-hindi-dual-audio-hdrip-1080p-720p-480p.html,https://vgmlinks.lol/62013/
Back to Black (2024) Hindi Dual Audio HDRip 1080p – 720p – 480p,https://vegamovies.tl/37143-back-to-black-2024-hindi-dual-audio-hdrip-1080p-720p-480p.html,https://vgmlinks.lol/6775a4d84f7eb
Welcome Home (2020) Hindi HDRip 720p – 480p – 1080p,https://vegamovies.tl/36780-welcome-home-2020-hindi-hdrip-720p-480p-1080p.html,https://vgmlinks.lol/673b357248f3c
Martin (2024) Hindi (Cleaned) HDRip 720p – 480p – 1080p,https://vegamovies.tl/36777-martin-2024-hindi-hdts-720p-480p-1080p.html,https://vgmlinks.lol/61131/
Operation Blood Hunt 2024 Hindi Dual Audio HDRip 1080p – 720p – 480p,https://vegamovies.tl/36774-operation-blood-hunt-2024-hindi-dual-audio-hdrip-1080p-720p-480p.html,https://vgmlinks.lol/673cbb86dfbce
Hot Frosty (2024) Hindi Dual Audio HDRip 1080p – 720p – 480p,https://vegamovies.tl/36798-hot-frosty-2024-hindi-dual-audio-hdrip-1080p-720p-480p.html,https://vgmlinks.lol/673cb821bbe86
The Promised Land (2023) Hindi Dual Audio HDRip 1080p – 720p – 480p,https://vegamovies.tl/36795-the-promised-land-2023-hindi-dual-audio-hdrip-1080p-720p-480p.html,https://vgmlinks.lol/61920/
Voy! Voy! Voy! (2023) Hindi Dual Audio HDRip 1080p – 720p – 480p,https://vegamovies.tl/36792-voy-voy-voy-2023-hindi-dual-audio-hdrip-1080p-720p-480p.html,https://vgmlinks.lol/61917/
Love Fiction (2012) Hindi Dual Audio HDRip 1080p – 720p – 480p,https://vegamovies.tl/36789-love-fiction-2012-hindi-dual-audio-hdrip-1080p-720p-480p.html,https://vgmlinks.lol/61935/
Gunner 2024 Hindi Dual Audio HDRip 1080p – 720p – 480p,https://vegamovies.tl/36786-gunner-2024-hindi-dual-audio-hdrip-1080p-720p-480p.html,https://vgmlinks.lol/61932/
Deadpool & Wolverine 2024 Hindi (Org) Dual Audio WEB-DL 1080p – 720p – 480p,https://vegamovies.tl/36762-deadpool-wolverine-2024-hindi-cleaned-dual-audio-hdts-1080p-720p-480p.html,https://vgmlinks.lol/59370/
Look Back (2024) Hindi Dual Audio HDRip 1080p – 720p – 480p,https://vegamovies.tl/36768-look-back-2024-hindi-dual-audio-hdrip-1080p-720p-480p.html,https://vgmlinks.lol/61874/
Reset (2017) Hindi Dual Audio HDRip 1080p – 720p – 480p,https://vegamovies.tl/36765-reset-2017-hindi-dual-audio-hdrip-1080p-720p-480p.html,https://vgmlinks.lol/61871/
